license_number,license_number_score
RH05ZZK,0.8731725263358918
NA13MRU,0.8409988583600126
GY15OGJ,0.7364840978277425
KH05ZIK,0.7293905470399825
AP05JEO,0.7247597615236782
KH05ZZK,0.7146659929742943
MT51VSU,0.7033531584585698
YH05ZZK,0.6504615236822872
NA13NRU,0.6375034809057147
KH05ZTK,0.5937645069436179
LH13VCV,0.5856393610717713
AP05JEQ,0.5804182869785456
RM05ZZK,0.5346141073543416
GY15OCJ,0.5291018780667797
KH05ZIR,0.5289257565518296
GX15OGJ,0.527467828738692
KA05ZZK,0.524212419825785
